排名,球员,球队,得分,命中-出手,命中率,命中-三分,三分命中率,命中-罚球,罚球命中率,场次,上场时间
1,詹姆斯-哈登,火箭,31.9,9.60-21.10,0.45399999999999996,4.20-10.70,0.397,8.50-9.90,0.861,30,36.1
2,扬尼斯-阿德托昆博,雄鹿,29.7,10.90-19.90,0.545,0.50-1.70,0.271,7.50-9.80,0.773,28,38.0
3,勒布朗-詹姆斯,骑士,28.2,10.80-18.80,0.5720000000000001,2.10-5.10,0.41100000000000003,4.50-5.80,0.775,32,37.3
4,斯蒂芬-库里,勇士,26.3,8.30-17.60,0.473,3.60-9.50,0.381,6.00-6.50,0.9329999999999999,23,32.6
4,凯文-杜兰特,勇士,26.3,9.70-19.00,0.51,2.50-6.30,0.396,4.50-5.10,0.879,26,34.8
6,德马库斯-考辛斯,鹈鹕,26.2,9.00-19.00,0.473,2.30-6.40,0.35700000000000004,5.90-8.10,0.736,31,35.5
7,安东尼-戴维斯,鹈鹕,25.7,9.30-16.40,0.5670000000000001,0.60-1.80,0.348,6.40-8.00,0.807,26,35.4
8,克里斯塔普斯-波尔津吉斯,尼克斯,25.5,9.10-19.50,0.465,2.00-4.90,0.39799999999999996,5.30-6.30,0.848,24,31.8
9,达米安-利拉德,开拓者,25.2,8.10-19.40,0.418,2.80-8.10,0.348,6.20-6.70,0.9279999999999999,31,37.1
10,维克托-奥拉迪波,步行者,24.8,8.90-18.50,0.483,2.80-6.40,0.43200000000000005,4.30-5.40,0.7809999999999999,31,34.4
11,凯里-欧文,凯尔特人,24.7,9.00-18.30,0.491,2.50-6.20,0.402,4.20-4.70,0.887,32,32.2
12,德文-布克,太阳,24.3,8.50-18.80,0.45299999999999996,2.50-6.50,0.38299999999999995,4.80-5.50,0.87,25,34.0
13,乔尔-恩比德,76人,24.1,8.30-17.00,0.49,0.70-2.70,0.262,6.70-8.40,0.807,23,31.4
14,德马尔-德罗赞,猛龙,24.0,8.50-17.30,0.489,0.70-2.50,0.278,6.40-7.90,0.804,29,34.1
15,布拉德利-比尔,奇才,23.8,8.60-19.00,0.452,2.30-6.60,0.36,4.30-5.40,0.787,31,35.5
16,拉塞尔-威斯布鲁克,雷霆,23.3,8.30-20.50,0.40299999999999997,1.60-5.30,0.309,5.10-7.20,0.705,31,36.2
17,拉马库斯-阿尔德里奇,马刺,22.3,8.70-17.50,0.495,0.50-1.50,0.34,4.40-5.20,0.851,31,33.6
18,肯巴-沃克,黄蜂,21.2,7.00-16.90,0.414,2.20-6.80,0.332,5.00-5.80,0.862,29,35.0
19,CJ-麦科勒姆,开拓者,21.0,8.00-17.70,0.45,2.40-5.70,0.42100000000000004,2.70-3.10,0.88,30,36.8
19,克莱-汤普森,勇士,21.0,8.20-16.40,0.49700000000000005,3.50-7.40,0.46799999999999997,1.20-1.40,0.8809999999999999,31,34.1
21,卡尔-安东尼-唐斯,森林狼,20.7,7.70-14.60,0.526,1.40-3.70,0.39299999999999996,3.90-4.70,0.833,32,35.8
22,克里斯-米德尔顿,雄鹿,20.2,7.40-15.80,0.467,1.90-5.50,0.35200000000000004,3.50-4.00,0.8959999999999999,29,37.1
22,吉米-巴特勒,森林狼,20.2,7.20-15.60,0.46299999999999997,1.20-3.30,0.354,4.70-5.40,0.8640000000000001,30,37.2
24,保罗-乔治,雷霆,19.8,6.80-16.80,0.405,3.00-7.30,0.40399999999999997,3.30-4.10,0.805,29,37.0
24,路易斯-威廉姆斯,快船,19.8,6.50-14.90,0.436,2.40-6.20,0.385,4.40-4.90,0.895,29,30.8
26,凯文-乐福,骑士,19.5,6.40-13.50,0.474,2.20-5.30,0.40399999999999997,4.60-5.30,0.871,31,29.5
27,丹尼斯-施罗德,老鹰,19.4,7.70-17.30,0.445,1.10-3.50,0.304,2.90-3.50,0.85,29,32.0
28,埃里克-戈登,火箭,19.2,6.10-14.50,0.42,3.20-9.40,0.342,3.80-4.50,0.833,28,31.6
29,马克-加索尔,灰熊,19.1,6.50-15.50,0.42,1.50-4.30,0.353,4.60-5.50,0.83,31,35.0
30,TJ-沃伦,太阳,18.7,7.50-16.00,0.47200000000000003,0.30-1.60,0.17300000000000001,3.30-4.30,0.773,33,31.5
31,哈里森-巴恩斯,小牛,18.5,6.80-15.40,0.441,1.20-3.60,0.345,3.70-4.40,0.8440000000000001,32,34.9
32,阿龙-戈登,魔术,18.3,6.40-13.10,0.49,2.20-5.50,0.401,3.20-4.30,0.743,26,33.3
32,泰瑞克-埃文斯,灰熊,18.3,6.80-14.40,0.469,2.00-4.90,0.41200000000000003,2.70-3.40,0.7859999999999999,30,30.2
32,埃文-富尼耶,魔术,18.3,6.70-14.00,0.478,2.30-5.50,0.415,2.70-3.10,0.8640000000000001,26,32.5
35,朱-霍勒迪,鹈鹕,18.0,7.10-14.80,0.48100000000000004,1.60-4.90,0.336,2.10-2.50,0.831,31,37.0
36,尼古拉-武切维奇,魔术,17.8,7.50-15.10,0.498,1.50-4.30,0.35,1.20-1.40,0.826,32,30.8
36,小蒂姆-哈达威,尼克斯,17.8,6.30-15.10,0.42,2.30-7.20,0.316,2.90-3.60,0.8,21,34.1
38,多诺万-米切尔,爵士,17.7,6.60-15.40,0.426,2.30-6.30,0.366,2.20-2.70,0.841,31,30.1
39,罗德尼-胡德,爵士,17.6,6.10-14.30,0.426,3.00-7.00,0.431,2.40-2.80,0.875,23,28.3
39,安德鲁-威金斯,森林狼,17.6,6.70-15.60,0.426,1.20-4.20,0.294,3.00-4.80,0.63,32,36.7
41,托拜厄斯-哈里斯,活塞,17.5,6.60-14.60,0.45,2.60-6.00,0.43,1.80-2.00,0.889,31,32.6
42,凯尔-库兹马,湖人,17.4,6.70-13.20,0.507,1.90-4.70,0.405,2.10-2.80,0.7659999999999999,28,31.1
43,卡梅罗-安东尼,雷霆,17.3,6.40-15.80,0.40399999999999997,1.90-5.70,0.341,2.60-3.50,0.76,30,33.0
44,本-西蒙斯,76人,17.2,7.20-14.20,0.511,0.00-0.30,0.0,2.80-5.00,0.5479999999999999,29,36.6
45,戈兰-德拉季奇,热火,16.6,6.10-13.70,0.444,1.50-4.10,0.381,2.90-3.70,0.769,29,31.4
46,JJ-雷迪克,76人,16.5,5.70-13.10,0.43200000000000005,2.60-6.60,0.387,2.60-2.80,0.948,28,33.7
47,布兰登-英格拉姆,湖人,16.2,6.00-13.30,0.447,0.60-1.70,0.34700000000000003,3.70-5.50,0.667,29,34.8
48,加里-哈里斯,掘金,16.1,6.20-13.00,0.478,2.30-6.00,0.38299999999999995,1.40-1.80,0.78,28,34.2
49,扎克-兰多夫,国王,15.9,6.70-12.80,0.525,0.80-2.30,0.354,1.60-2.10,0.7759999999999999,28,26.0
49,德怀特-霍华德,黄蜂,15.9,5.90-10.90,0.54,0.00-0.00,0.0,4.10-7.70,0.5329999999999999,31,30.1
51,凯尔-洛瑞,猛龙,15.8,5.10-11.80,0.431,3.00-7.50,0.396,2.70-3.00,0.875,29,32.8
52,埃弗里-布拉德利,活塞,15.7,5.90-13.80,0.425,1.90-4.60,0.414,2.10-2.50,0.8170000000000001,28,31.3
53,尼古拉-约基奇,掘金,15.5,5.80-11.50,0.509,1.30-3.30,0.392,2.60-3.00,0.861,24,29.2
54,贾马尔-默里,掘金,15.3,5.50-12.40,0.44299999999999995,1.70-4.90,0.358,2.50-2.70,0.929,31,27.8
55,乔纳森-西蒙斯,魔术,15.2,5.70-12.00,0.475,0.90-2.90,0.326,2.80-3.80,0.736,32,28.8
56,威尔-巴顿,掘金,15.1,5.60-12.30,0.457,1.90-5.00,0.384,2.00-2.80,0.711,30,31.3
57,罗伯特-科温顿,76人,15.0,5.10-12.00,0.424,3.20-8.00,0.397,1.60-1.90,0.833,28,32.7
57,优素福-努尔基奇,开拓者,15.0,6.20-13.20,0.46799999999999997,0.00-0.20,0.0,2.70-4.20,0.6409999999999999,28,27.7
57,雷吉-杰克逊,活塞,15.0,5.60-12.40,0.45299999999999996,1.40-3.80,0.35600000000000004,2.40-2.90,0.843,31,27.2
60,杰里米-兰姆,黄蜂,14.9,5.30-11.90,0.441,1.20-3.50,0.35600000000000004,3.10-3.60,0.8690000000000001,30,27.1
61,迪昂-韦特斯,热火,14.7,5.50-14.10,0.395,1.80-5.90,0.306,1.80-2.40,0.7390000000000001,29,31.3
61,奥斯汀-里弗斯,快船,14.7,5.40-13.30,0.40299999999999997,2.40-5.90,0.4,1.60-2.60,0.625,28,33.0
63,奥托-波特,奇才,14.6,5.90-11.70,0.5,1.70-3.80,0.44799999999999995,1.20-1.50,0.81,28,31.5
64,杰伦-布朗,凯尔特人,14.5,5.30-11.30,0.474,1.80-4.40,0.40399999999999997,2.00-3.50,0.586,32,31.3
65,丹尼斯-史密斯,小牛,14.4,5.70-14.40,0.397,1.50-4.80,0.307,1.50-2.30,0.6729999999999999,24,27.8
65,迈尔斯-特纳,步行者,14.4,5.50-11.20,0.491,0.90-2.60,0.33799999999999997,2.50-3.30,0.768,25,30.2
65,朗戴-霍利斯-杰弗森,篮网,14.4,5.10-10.30,0.491,0.30-0.90,0.304,4.00-5.00,0.813,27,28.1
68,劳里-马尔卡宁,公牛,14.3,5.10-12.80,0.397,2.20-6.60,0.32799999999999996,2.00-2.40,0.846,27,30.1
69,肯塔维厄斯-考德威尔-波普,湖人,14.2,5.00-12.20,0.40700000000000003,2.20-6.20,0.355,2.00-2.80,0.7390000000000001,25,34.8
70,博扬-波格丹诺维奇,步行者,14.1,5.20-10.80,0.483,2.00-5.00,0.40399999999999997,1.70-1.90,0.871,32,31.5
70,乔丹-克拉克森,湖人,14.1,5.50-11.90,0.46799999999999997,1.20-3.50,0.34299999999999997,1.80-2.40,0.768,29,22.3
70,赛尔吉-伊巴卡,猛龙,14.1,5.70-10.90,0.521,1.80-4.40,0.409,1.00-1.40,0.6759999999999999,26,27.7
73,克林特-卡佩拉,火箭,14.0,6.10-8.80,0.6940000000000001,0.00-0.00,0.0,1.90-3.20,0.596,28,25.5
73,艾尔-霍弗德,凯尔特人,14.0,5.60-10.60,0.524,1.40-3.40,0.415,1.40-1.90,0.759,31,32.6
75,安德烈-德拉蒙德,活塞,13.8,5.30-10.00,0.534,0.00-0.10,0.0,3.10-5.00,0.626,31,32.6
75,杰夫-蒂格,森林狼,13.8,5.00-11.20,0.444,1.50-3.80,0.39,2.30-2.80,0.821,28,34.2
75,杰森-塔特姆,凯尔特人,13.8,4.60-9.10,0.506,1.50-3.00,0.505,3.10-3.70,0.833,34,30.4
78,贾斯廷-霍勒迪,公牛,13.6,4.60-12.50,0.369,2.50-6.90,0.35700000000000004,1.90-2.50,0.789,29,33.7
78,史蒂文-亚当斯,雷霆,13.6,5.80-9.10,0.633,0.00-0.00,0.0,2.00-3.10,0.6629999999999999,26,32.3
80,克里斯-邓恩,公牛,13.3,5.60-12.60,0.446,0.90-2.30,0.36700000000000005,1.30-1.90,0.66,26,28.2
81,伊托万-摩尔,鹈鹕,13.2,5.50-10.30,0.535,1.80-4.00,0.46,0.40-0.60,0.6,31,32.6
81,埃内斯-坎特,尼克斯,13.2,5.60-9.30,0.603,0.00-0.00,0.0,1.90-2.20,0.8809999999999999,27,25.7
83,考特尼-李,尼克斯,13.1,4.90-10.40,0.47,1.60-3.60,0.431,1.70-1.80,0.9440000000000001,30,32.1
83,罗宾-洛佩斯,公牛,13.1,5.90-11.30,0.521,0.10-0.20,0.28600000000000003,1.20-1.70,0.725,30,30.0
85,博比-波蒂斯,公牛,13.0,5.00-10.20,0.484,1.20-3.20,0.38799999999999996,1.80-2.20,0.809,21,21.5
85,托里恩-普林斯,老鹰,13.0,4.90-11.00,0.444,1.80-4.30,0.42100000000000004,1.40-1.90,0.759,31,31.1
85,马尔科姆-布罗格登,雄鹿,13.0,5.10-10.90,0.466,1.50-3.90,0.39799999999999996,1.40-1.60,0.8640000000000001,28,30.4
88,德马雷-卡罗尔,篮网,12.9,4.20-10.30,0.408,1.80-5.00,0.36,2.70-3.70,0.74,27,29.2
89,布鲁克-洛佩斯,湖人,12.8,4.80-10.80,0.446,1.20-4.00,0.297,2.00-2.60,0.753,28,22.4
89,赛迪斯-杨,步行者,12.8,5.60-11.30,0.49,1.00-2.80,0.341,0.70-1.10,0.618,32,33.5
91,肯特-贝兹莫尔,老鹰,12.6,4.30-10.40,0.409,1.50-4.10,0.37799999999999995,2.50-3.20,0.7959999999999999,31,28.7
92,达里奥-沙里奇,76人,12.4,4.70-11.10,0.42100000000000004,1.70-4.90,0.336,1.40-1.70,0.833,29,30.0
92,斯潘塞-丁威迪,篮网,12.4,4.10-10.60,0.39,1.90-5.70,0.335,2.30-3.00,0.759,29,26.8
94,巴迪-希尔德,国王,12.3,4.80-10.70,0.447,1.90-4.30,0.444,0.90-1.00,0.893,29,22.8
94,鲁迪-盖伊,马刺,12.3,4.60-9.40,0.491,0.70-2.10,0.349,2.30-2.90,0.805,30,23.4
96,朱利叶斯-兰德尔,湖人,12.2,4.70-8.60,0.552,0.20-0.80,0.20800000000000002,2.60-4.00,0.655,29,22.3
97,达伦-科里森,步行者,12.1,4.50-9.40,0.47600000000000003,1.20-3.00,0.409,2.00-2.30,0.873,31,30.4
97,阿伦-克拉布,篮网,12.1,4.00-10.40,0.389,2.50-6.80,0.369,1.50-1.80,0.83,26,28.2
99,韦斯利-马修斯,小牛,12.0,4.30-10.90,0.397,2.40-6.20,0.391,1.00-1.20,0.795,32,34.4
99,特雷沃-阿里扎,火箭,12.0,4.10-9.40,0.433,2.70-6.90,0.389,1.10-1.20,0.914,28,35.4
99,德里克-费沃斯,爵士,12.0,5.00-9.00,0.552,0.20-0.60,0.263,1.90-2.60,0.727,30,27.2
99,多曼塔斯-萨博尼斯,步行者,12.0,4.60-8.50,0.541,0.20-0.40,0.385,2.70-3.60,0.748,30,24.2
99,何塞-巴里亚,小牛,12.0,4.40-10.10,0.43799999999999994,1.80-4.80,0.386,1.40-1.80,0.772,32,22.7
104,里基-卢比奥,爵士,11.8,4.00-10.00,0.39899999999999997,1.10-3.70,0.293,2.70-3.20,0.867,31,29.0
105,约什-理查德森,热火,11.6,4.30-9.90,0.435,1.70-4.90,0.35100000000000003,1.20-1.50,0.809,31,33.0
106,马科-贝里内利,老鹰,11.5,3.80-9.40,0.406,1.90-5.00,0.377,2.00-2.10,0.9540000000000001,31,24.1
107,德维恩-韦德,骑士,11.4,4.40-9.70,0.45399999999999996,0.60-1.40,0.4,2.00-2.90,0.7020000000000001,29,23.7
107,约翰-科林斯,老鹰,11.4,4.80-7.90,0.606,0.00-0.00,0.0,1.80-2.40,0.767,25,22.9
107,德克-诺维茨基,小牛,11.4,4.30-9.50,0.449,1.60-3.70,0.42,1.20-1.40,0.909,32,25.1
110,泰-吉布森,森林狼,11.3,4.60-8.40,0.546,0.20-0.70,0.23800000000000002,1.90-2.40,0.816,32,33.3
111,凯利-乌布雷,奇才,11.2,3.70-9.10,0.408,1.40-3.90,0.364,2.30-2.90,0.8109999999999999,31,27.7
111,卡里斯-勒韦尔,篮网,11.2,4.10-9.70,0.42100000000000004,1.10-3.60,0.308,1.90-2.80,0.69,30,26.6
113,德安德烈-乔丹,快船,11.1,4.80-7.30,0.65,0.00-0.00,0.0,1.50-2.90,0.535,30,32.5
114,埃尔弗里德-佩顿,魔术,11.0,4.70-9.50,0.495,0.70-1.90,0.364,1.00-1.90,0.5,23,28.3
115,约纳斯-瓦兰丘纳斯,猛龙,10.9,4.20-7.60,0.5529999999999999,0.20-0.40,0.364,2.40-2.70,0.868,25,21.1
115,詹姆斯-约翰逊,热火,10.9,4.10-8.40,0.494,0.80-2.50,0.324,1.80-2.50,0.7040000000000001,28,27.5
117,杰夫-格林,骑士,10.8,3.90-7.70,0.506,0.60-1.80,0.32799999999999996,2.50-2.90,0.8490000000000001,32,22.1
117,泰勒-约翰逊,热火,10.8,3.70-9.20,0.402,1.60-4.50,0.354,1.80-2.00,0.8809999999999999,29,28.0
119,莱恩-安德森,火箭,10.6,3.70-8.40,0.44,2.40-6.10,0.39299999999999996,0.80-1.00,0.759,29,28.0
120,保罗-加索尔,马刺,10.5,3.90-8.30,0.47100000000000003,0.80-1.90,0.4,1.90-2.30,0.833,31,24.7
121,威利-考利-斯坦,国王,10.4,4.20-8.70,0.484,0.00-0.20,0.2,1.90-2.80,0.6709999999999999,28,25.3
121,迈克-詹姆斯,太阳,10.4,3.80-9.80,0.38799999999999996,0.80-3.00,0.268,2.00-2.60,0.762,32,20.9
121,弗兰克-卡明斯基,黄蜂,10.4,3.90-9.20,0.426,1.10-3.40,0.34,1.40-1.80,0.765,28,22.9
121,凯尔-科沃尔,骑士,10.4,3.50-7.30,0.47600000000000003,2.40-5.60,0.43799999999999994,1.00-1.20,0.868,32,22.7
121,乔-英格尔斯,爵士,10.4,3.70-8.30,0.444,2.50-5.70,0.445,0.50-0.60,0.833,32,30.3
126,亚历克-伯克斯,爵士,10.3,3.50-8.30,0.428,1.00-2.70,0.37799999999999995,2.20-2.50,0.87,31,19.6
126,乔治-希尔,国王,10.3,3.70-7.70,0.48100000000000004,1.40-2.80,0.506,1.40-1.90,0.765,27,26.4
128,迈克尔-比斯利,尼克斯,10.2,4.30-8.50,0.512,0.30-0.90,0.33299999999999996,1.20-1.80,0.682,24,17.1
128,迈克尔-基德-吉尔克里斯特,黄蜂,10.2,4.40-8.70,0.5,0.00-0.00,0.0,1.50-2.30,0.649,25,26.9
130,德雷蒙德-格林,勇士,10.1,3.50-7.70,0.451,1.20-3.60,0.33,1.90-2.50,0.762,25,32.2
130,乔-哈里斯,篮网,10.1,3.70-8.10,0.452,2.00-5.40,0.371,0.80-1.00,0.7240000000000001,28,24.1
132,凯利-奥利尼克,热火,10.0,3.50-6.90,0.512,1.30-2.90,0.429,1.70-2.30,0.743,31,22.3
132,约吉-费雷尔,小牛,10.0,3.50-8.30,0.426,1.50-3.80,0.385,1.40-1.80,0.821,32,29.1
132,波格丹-波格丹诺维奇,国王,10.0,3.80-8.40,0.451,1.20-3.50,0.34299999999999997,1.20-1.50,0.805,28,24.9
135,马基夫-莫里斯,奇才,9.9,4.00-8.70,0.45799999999999996,1.00-2.60,0.38299999999999995,0.90-1.10,0.8079999999999999,23,23.1
135,CJ-迈尔斯,猛龙,9.9,3.30-8.30,0.397,2.30-6.20,0.37200000000000005,1.00-1.20,0.893,24,18.6
137,迈克-斯科特,奇才,9.8,4.10-7.00,0.585,1.00-2.30,0.42200000000000004,0.70-1.00,0.679,28,19.2
138,帕蒂-米尔斯,马刺,9.7,3.50-8.20,0.425,1.80-4.70,0.384,1.00-1.10,0.861,32,25.2
139,朗佐-鲍尔,湖人,9.6,3.70-10.90,0.34,1.40-5.00,0.27399999999999997,0.80-1.60,0.5,29,33.7
139,贾马尔-克劳福德,森林狼,9.6,3.40-8.20,0.413,1.20-3.50,0.354,1.60-1.70,0.943,32,18.2
139,伊曼纽尔-穆迪埃,掘金,9.6,3.30-8.40,0.392,1.10-2.80,0.39,1.90-2.30,0.794,29,21.1
142,马库斯-斯马特,凯尔特人,9.5,3.10-9.30,0.336,1.40-4.40,0.324,1.80-2.60,0.72,32,30.6
143,钱德勒-帕森斯,灰熊,9.4,3.60-7.10,0.5,1.60-3.70,0.44,0.60-1.10,0.6,23,21.1
143,达龙-福克斯,国王,9.4,3.80-9.50,0.402,0.40-1.30,0.289,1.40-2.10,0.667,29,25.1
143,威尔森-钱德勒,掘金,9.4,3.40-8.30,0.41100000000000003,1.10-3.40,0.319,1.50-1.80,0.8370000000000001,27,30.4
143,马文-威廉姆斯,黄蜂,9.4,3.30-7.00,0.47,1.60-3.70,0.43,1.20-1.50,0.8440000000000001,31,26.2
147,登泽尔-瓦伦丁,公牛,9.3,3.60-9.00,0.395,1.90-4.70,0.39399999999999996,0.30-0.40,0.6920000000000001,30,28.4
147,杰里-贝勒斯,76人,9.3,3.10-7.50,0.414,1.80-4.50,0.39299999999999996,1.30-1.60,0.795,24,26.0
149,韦恩-艾灵顿,热火,9.2,3.00-7.10,0.418,2.60-6.20,0.41700000000000004,0.70-0.80,0.917,31,21.7
149,约什-杰克逊,太阳,9.2,3.50-9.20,0.377,0.60-2.40,0.225,1.70-3.00,0.57,33,22.4
151,亚历克斯-莱恩,太阳,9.1,3.20-6.00,0.536,0.00-0.00,0.0,2.70-3.50,0.773,28,22.1
151,马尔钦-戈塔特,奇才,9.1,3.80-7.10,0.541,0.00-0.00,0.0,1.50-2.30,0.634,31,28.3
153,丹尼-格林,马刺,9.0,3.40-8.50,0.405,1.70-4.60,0.37200000000000005,0.40-0.50,0.733,28,27.9
154,DJ-奥古斯丁,魔术,8.9,2.60-5.90,0.446,1.30-3.00,0.434,2.30-2.60,0.8640000000000001,25,21.2
155,特里-罗齐尔,凯尔特人,8.7,3.10-8.30,0.371,1.50-4.20,0.359,1.00-1.30,0.795,34,23.0
155,杰-克劳德,骑士,8.7,2.90-7.30,0.40299999999999997,1.20-3.80,0.309,1.70-1.80,0.898,32,25.8
155,伊斯梅尔-史密斯,活塞,8.7,4.00-8.60,0.46399999999999997,0.10-0.60,0.2,0.70-1.00,0.6559999999999999,31,20.0
155,凯尔-安德森,马刺,8.7,3.40-6.70,0.513,0.20-0.50,0.385,1.70-2.20,0.755,24,27.5
159,杰里安-格兰特,公牛,8.6,3.00-7.00,0.433,0.80-2.40,0.319,1.80-2.50,0.7070000000000001,30,23.2
159,泰勒-泽勒,篮网,8.6,3.50-5.90,0.605,0.20-0.60,0.385,1.30-2.00,0.644,22,19.0
159,德文-哈里斯,小牛,8.6,2.60-6.70,0.39399999999999996,0.90-2.70,0.314,2.50-3.00,0.831,26,19.1
162,道格-麦克德莫特,尼克斯,8.5,3.40-7.00,0.483,1.20-2.80,0.41200000000000003,0.60-0.80,0.7390000000000001,30,24.4
162,诺曼-鲍威尔,猛龙,8.5,3.20-7.20,0.436,1.00-3.20,0.313,1.20-1.40,0.853,25,20.4
162,托尼-斯内尔,雄鹿,8.5,3.20-6.10,0.521,1.70-3.70,0.466,0.50-0.70,0.75,24,31.3
165,马努-吉诺比利,马刺,8.4,3.00-7.20,0.41,0.90-3.20,0.271,1.70-2.00,0.8490000000000001,27,20.9
166,兰斯-史蒂芬森,步行者,8.3,3.30-7.40,0.445,0.70-2.20,0.31,1.00-1.60,0.647,32,22.3
167,特雷-莱尔斯,掘金,8.2,2.90-5.60,0.521,1.20-2.40,0.5,1.10-1.50,0.75,26,16.3
168,沙巴兹-内皮尔,开拓者,8.0,2.90-5.80,0.507,0.90-1.90,0.46799999999999997,1.30-1.50,0.8420000000000001,25,17.1
168,泰勒-尤利斯,太阳,8.0,3.00-7.80,0.391,0.40-1.70,0.259,1.50-1.80,0.831,32,23.6
168,杰拉米-格兰特,雷霆,8.0,2.90-5.80,0.509,0.40-1.50,0.267,1.80-2.60,0.688,30,21.4
168,弗兰克-梅森,国王,8.0,2.80-7.10,0.39399999999999996,0.70-1.50,0.43200000000000005,1.70-2.20,0.774,24,18.8
168,萨博-塞福洛沙,爵士,8.0,3.10-6.00,0.511,0.90-2.20,0.409,1.00-1.20,0.8109999999999999,30,20.9
173,特洛伊-丹尼尔斯,太阳,7.9,2.70-6.00,0.447,2.10-4.80,0.43,0.60-0.60,0.9470000000000001,33,17.2
173,埃文-特纳,开拓者,7.9,3.10-7.40,0.419,0.30-1.40,0.209,1.40-1.60,0.86,31,26.9
175,JR-史密斯,骑士,7.8,2.80-7.40,0.382,1.80-5.20,0.353,0.30-0.50,0.588,32,30.3
175,狄龙-布鲁克斯,灰熊,7.8,3.00-6.60,0.45899999999999996,0.90-2.30,0.37,0.90-1.20,0.778,31,27.8
175,约翰-亨森,雄鹿,7.8,3.40-5.80,0.584,0.00-0.10,0.0,1.10-2.20,0.49200000000000005,28,23.9
178,加莱特-坦普尔,国王,7.7,2.70-7.20,0.373,1.40-3.80,0.36,0.90-1.20,0.73,30,24.9
178,科里-约瑟夫,步行者,7.7,2.80-6.80,0.41700000000000004,1.10-2.50,0.43,1.00-1.10,0.914,32,25.0
180,达柳斯-米勒,鹈鹕,7.5,2.60-5.50,0.46799999999999997,1.90-4.10,0.45299999999999996,0.50-0.60,0.8,31,20.7
180,安东尼-托利弗,活塞,7.5,2.40-5.30,0.446,1.80-4.20,0.41200000000000003,1.00-1.30,0.784,28,19.2
180,内内,火箭,7.5,2.90-4.50,0.636,0.00-0.10,0.0,1.70-2.40,0.7170000000000001,22,15.0
183,马里奥-查默斯,灰熊,7.4,2.50-7.20,0.35,0.80-3.10,0.247,1.60-2.00,0.787,30,23.5
183,斯坦利-约翰逊,活塞,7.4,2.50-7.00,0.36,1.00-3.40,0.295,1.30-1.70,0.7709999999999999,28,27.9
185,OG-阿奴诺比,猛龙,7.2,2.60-5.20,0.507,1.40-3.00,0.465,0.60-0.90,0.64,29,21.0
186,雅各布-珀尔特尔,猛龙,7.1,3.20-4.70,0.6759999999999999,0.00-0.10,0.5,0.70-1.40,0.5,29,17.0
187,斯卡尔-拉比西埃,国王,7.0,2.80-6.40,0.433,0.10-0.30,0.4,1.30-1.60,0.804,29,15.8
188,韦斯利-约翰逊,快船,6.9,2.60-6.40,0.408,0.90-3.00,0.28600000000000003,0.80-1.10,0.71,28,24.5
188,尼克-杨,勇士,6.9,2.40-5.30,0.455,1.50-3.70,0.41100000000000003,0.60-0.80,0.667,29,13.5
188,欧米-卡斯比,勇士,6.9,2.70-4.40,0.605,0.30-0.60,0.6,1.20-1.60,0.75,27,16.0
188,大卫-韦斯特,勇士,6.9,3.00-4.80,0.638,0.10-0.20,0.429,0.70-1.10,0.677,29,13.1
188,泰森-钱德勒,太阳,6.9,2.70-4.20,0.65,0.00-0.00,0.0,1.50-2.20,0.66,24,25.4
188,梅森-普拉姆利,掘金,6.9,2.90-5.10,0.5660000000000001,0.00-0.00,0.0,1.10-2.70,0.39799999999999996,31,19.6
194,卢克-理查德-巴莫特,火箭,6.8,2.50-5.50,0.45799999999999996,1.00-2.80,0.373,0.80-1.10,0.667,24,25.3
194,卢克-巴比特,老鹰,6.8,2.40-5.20,0.469,1.50-3.30,0.441,0.50-0.70,0.737,28,18.0
194,贾莱特-杰克,尼克斯,6.8,2.80-6.40,0.433,0.40-1.20,0.314,0.80-1.00,0.759,28,26.3
194,马利斯-斯贝茨,魔术,6.8,2.40-6.50,0.369,1.60-4.30,0.364,0.40-0.70,0.625,23,11.8
194,兰斯顿-加洛韦,活塞,6.8,2.30-5.60,0.405,1.50-3.90,0.386,0.70-0.80,0.87,29,14.4
194,蒙特雷兹-哈勒尔,快船,6.8,2.80-4.40,0.642,0.00-0.00,0.0,1.20-1.70,0.6829999999999999,24,12.0
194,TJ-麦康奈尔,76人,6.8,3.00-5.60,0.532,0.40-0.70,0.556,0.50-0.60,0.813,25,24.0
201,布林-福布斯,马刺,6.7,2.60-6.10,0.426,1.20-3.00,0.392,0.30-0.60,0.45,32,19.3
201,雷蒙德-费尔顿,雷霆,6.7,2.70-6.60,0.419,0.80-2.30,0.371,0.30-0.50,0.688,31,16.7
203,约迪-米克斯,奇才,6.6,2.00-5.70,0.354,0.90-3.00,0.304,1.60-1.80,0.895,31,16.8
203,帕斯卡尔-西亚卡姆,猛龙,6.6,3.00-6.20,0.47700000000000004,0.30-2.00,0.158,0.30-0.90,0.375,28,20.0
203,肯尼思-法里德,掘金,6.6,2.70-4.80,0.5539999999999999,0.00-0.00,0.0,1.30-1.80,0.711,25,16.0
203,德章泰-默里,马刺,6.6,2.60-6.20,0.415,0.10-0.40,0.25,1.30-1.80,0.75,32,18.4
203,詹姆斯-恩尼斯,灰熊,6.6,2.40-4.80,0.493,0.60-2.00,0.316,1.20-1.40,0.878,29,24.1
203,贾斯蒂斯-温斯洛,热火,6.6,2.70-6.30,0.426,0.60-1.50,0.39,0.60-1.00,0.654,27,22.6
209,安德鲁-哈里森,灰熊,6.5,2.10-5.30,0.39799999999999996,0.70-2.10,0.34600000000000003,1.50-1.80,0.826,25,18.9
209,凯尔-奥奎因,尼克斯,6.5,2.60-4.60,0.5770000000000001,0.00-0.20,0.0,1.20-1.50,0.7829999999999999,30,16.6
209,埃德里斯-阿德巴约,热火,6.5,2.40-4.00,0.598,0.00-0.00,0.0,1.70-2.40,0.731,22,18.3
212,PJ-塔克,火箭,6.4,2.10-5.10,0.405,1.30-3.50,0.368,0.90-1.20,0.8,30,27.6
212,约纳斯-杰雷布科,爵士,6.4,2.40-5.00,0.485,1.00-2.40,0.42200000000000004,0.60-0.60,0.882,27,17.5
212,弗雷德-范弗利特,猛龙,6.4,2.40-5.90,0.401,0.90-2.50,0.34700000000000003,0.80-0.90,0.846,29,17.7
215,马利克-蒙克,黄蜂,6.3,2.30-6.60,0.348,1.30-3.70,0.34299999999999997,0.40-0.60,0.706,27,15.1
215,马基斯-克里斯,太阳,6.3,2.30-5.70,0.397,0.70-2.30,0.28600000000000003,1.10-1.60,0.6920000000000001,33,20.1
215,蒂莫泰-卢瓦乌-卡巴罗,76人,6.3,2.10-5.60,0.38,1.00-3.20,0.311,1.00-1.30,0.757,28,16.4
215,德怀特-鲍威尔,小牛,6.3,2.50-4.70,0.531,0.30-1.30,0.25,0.90-1.40,0.659,31,17.8
219,安德烈-伊格达拉,勇士,6.2,2.40-5.10,0.45899999999999996,0.50-1.90,0.28,0.90-1.50,0.632,26,27.1
220,戈尔吉-吉昂,森林狼,6.1,2.40-5.00,0.486,0.20-0.90,0.2,1.10-1.50,0.7440000000000001,29,17.7
221,阿隆-贝恩斯,凯尔特人,6.0,2.50-5.00,0.49700000000000005,0.00-0.20,0.0,1.00-1.40,0.7170000000000001,34,18.4
221,卢克-肯纳德,活塞,6.0,2.30-5.50,0.41,0.90-2.40,0.387,0.50-0.60,0.765,26,16.5
223,马克西-克勒贝尔,小牛,5.9,2.40-4.50,0.5379999999999999,0.50-1.60,0.326,0.50-0.80,0.667,26,19.2
224,贾米尔-尼尔森,鹈鹕,5.8,2.10-5.10,0.423,1.00-2.70,0.384,0.50-0.60,0.765,27,24.7
224,弗朗克-尼利基纳,尼克斯,5.8,2.20-6.10,0.36,0.60-1.90,0.32,0.90-1.10,0.742,27,20.2
226,帕特-康诺顿,开拓者,5.7,2.10-4.80,0.43,1.10-2.80,0.386,0.50-0.60,0.833,31,19.0
226,贾斯廷-杰克逊,国王,5.7,2.30-5.90,0.382,0.90-2.80,0.311,0.30-0.50,0.636,22,18.7
228,丹特-坎宁安,鹈鹕,5.6,2.10-4.90,0.43200000000000005,0.80-2.60,0.325,0.50-0.90,0.5770000000000001,30,22.9
229,德拉甘-本德尔,太阳,5.5,1.90-5.00,0.384,1.30-3.40,0.37799999999999995,0.40-0.50,0.75,33,20.8
229,托马什-萨托兰斯基,奇才,5.5,2.00-4.00,0.5,0.40-1.10,0.4,1.00-1.50,0.688,22,17.5
229,马尔科姆-德莱尼,老鹰,5.5,1.80-4.60,0.39,0.60-1.80,0.35700000000000004,1.30-1.70,0.7440000000000001,23,18.2
232,昆西-埃西,篮网,5.4,1.50-4.80,0.314,1.20-3.80,0.33,1.10-1.40,0.8240000000000001,25,17.6
233,以赛亚-泰勒,老鹰,5.3,1.90-4.40,0.425,0.30-1.10,0.308,1.20-1.80,0.69,24,15.5
234,亚历克斯-阿夫里内斯,雷霆,5.2,1.70-4.40,0.39399999999999996,1.20-3.10,0.382,0.60-0.70,0.81,29,17.6
234,科斯塔-库佛斯,国王,5.2,2.30-4.30,0.526,0.00-0.00,0.0,0.60-1.30,0.475,31,18.4
234,贾旺-埃文斯,快船,5.2,1.90-5.50,0.349,0.30-1.20,0.25,1.00-1.40,0.774,23,15.9
234,威利-里德,快船,5.2,2.10-3.10,0.688,0.00-0.00,1.0,1.00-1.60,0.585,25,10.2
238,马里奥-海佐尼亚,魔术,5.0,1.90-4.20,0.44799999999999995,0.80-2.10,0.385,0.40-0.50,0.846,25,13.6
238,肖恩-利文斯顿,勇士,5.0,2.20-4.50,0.5,0.00-0.10,0.0,0.60-0.80,0.75,26,16.0
238,莫里斯-哈克利斯,开拓者,5.0,1.90-4.70,0.41,0.40-1.60,0.256,0.70-1.00,0.75,25,22.4
238,埃德-戴维斯,开拓者,5.0,2.00-3.80,0.521,0.00-0.00,0.0,1.00-1.50,0.667,31,17.6
238,贾莱特-阿伦,篮网,5.0,2.00-3.90,0.519,0.10-0.10,0.5,1.00-1.30,0.75,21,16.5
238,安德烈-罗伯森,雷霆,5.0,2.30-4.20,0.541,0.20-1.10,0.212,0.20-0.40,0.385,29,26.4
238,扎扎-帕楚里亚,勇士,5.0,2.00-3.60,0.56,0.00-0.00,0.0,0.90-1.20,0.7929999999999999,25,14.4
245,托尼-阿伦,鹈鹕,4.7,2.00-4.10,0.484,0.20-0.60,0.33299999999999996,0.50-0.90,0.524,22,12.4
246,何塞-卡尔德隆,骑士,4.6,1.60-3.20,0.507,0.90-1.80,0.5,0.40-0.50,0.833,23,17.4
246,伊恩-克拉克,鹈鹕,4.6,1.70-4.70,0.359,0.80-2.40,0.311,0.40-0.60,0.688,25,15.1
248,乔丹-贝尔,勇士,4.5,2.10-2.90,0.726,0.00-0.00,0.0,0.20-0.30,0.75,25,12.8
248,戴维斯-贝尔坦斯,马刺,4.5,1.50-3.40,0.44799999999999995,1.00-2.60,0.384,0.50-0.60,0.813,28,10.0
248,季莫费-莫兹戈夫,篮网,4.5,1.80-3.30,0.551,0.10-0.80,0.17600000000000002,0.80-1.00,0.727,21,13.6
251,诺阿-冯莱,开拓者,4.4,1.80-3.40,0.5329999999999999,0.00-0.00,0.0,0.80-1.00,0.7390000000000001,22,19.1
251,兰斯-托马斯,尼克斯,4.4,1.40-3.80,0.375,0.50-1.50,0.341,1.00-1.20,0.818,27,17.7
253,阿米尔-约翰逊,76人,4.3,1.80-3.50,0.495,0.10-0.50,0.214,0.70-1.20,0.5429999999999999,28,15.3
253,贾雷尔-马丁,灰熊,4.3,1.60-4.30,0.376,0.30-1.20,0.265,0.80-1.00,0.821,29,16.7
255,索恩-梅克,雄鹿,4.2,1.50-3.80,0.39399999999999996,0.40-1.30,0.282,0.80-1.20,0.667,29,18.6
255,丹尼尔-泰斯,凯尔特人,4.2,1.70-3.20,0.52,0.10-0.70,0.174,0.80-1.00,0.758,32,12.6
255,钱宁-弗莱,骑士,4.2,1.70-3.50,0.5,0.60-1.80,0.314,0.20-0.20,1.0,29,12.4
255,谢尔文-麦克,魔术,4.2,1.50-4.10,0.359,0.40-1.20,0.32299999999999995,0.80-1.20,0.677,25,18.1
259,俾斯麦-比永博,魔术,4.1,1.50-3.10,0.485,0.00-0.00,0.0,1.10-1.80,0.586,32,15.0
260,泰厄斯-琼斯,森林狼,4.0,1.40-3.10,0.449,0.50-1.20,0.41,0.70-0.90,0.821,32,16.7
260,辛达里厄斯-桑韦尔,快船,4.0,1.50-3.30,0.449,0.40-1.00,0.419,0.60-1.00,0.655,30,15.6
260,克里斯蒂亚诺-费利西奥,公牛,4.0,1.70-2.70,0.627,0.00-0.00,0.0,0.60-1.00,0.591,22,14.4
260,约什-哈特,湖人,4.0,1.40-3.40,0.42,0.60-1.60,0.368,0.60-0.80,0.7,24,15.5
264,伊安-马辛米,奇才,3.9,1.30-2.70,0.5,0.00-0.00,0.0,1.20-1.50,0.7559999999999999,29,15.1
264,萨姆-德克尔,快船,3.9,1.60-4.20,0.373,0.30-1.70,0.156,0.50-0.60,0.706,26,13.0
266,保罗-齐普泽,公牛,3.7,1.50-4.80,0.31,0.60-2.00,0.29600000000000004,0.20-0.30,0.556,27,16.0
266,马利克-比斯利,掘金,3.7,1.40-3.50,0.402,0.50-1.50,0.317,0.40-0.60,0.667,28,10.6
266,贾维尔-麦基,勇士,3.7,1.60-2.70,0.589,0.00-0.10,0.0,0.50-0.70,0.778,27,8.2
269,德维恩-培根,黄蜂,3.6,1.50-3.90,0.373,0.40-1.10,0.33299999999999996,0.40-0.50,0.7140000000000001,28,15.9
269,蒂姆-弗雷泽,奇才,3.6,1.40-3.40,0.408,0.40-1.20,0.306,0.50-0.50,0.875,30,16.7
271,帕特里克-麦考,勇士,3.5,1.30-3.00,0.439,0.50-1.40,0.342,0.40-0.50,0.769,27,14.9
271,肖恩-拉金,凯尔特人,3.5,1.20-3.40,0.36,0.40-1.40,0.324,0.60-0.70,0.833,25,11.0
273,布兰登-保罗,马刺,3.4,1.20-2.70,0.435,0.40-1.30,0.317,0.60-0.90,0.643,31,11.9
274,TJ-利夫,步行者,3.3,1.40-3.00,0.45899999999999996,0.40-0.90,0.478,0.10-0.30,0.429,25,9.6
275,帕特里克-帕特森,雷霆,3.2,1.10-2.90,0.37799999999999995,0.80-2.10,0.375,0.20-0.20,1.0,31,14.5
276,科里-布鲁尔,湖人,3.1,1.20-2.50,0.466,0.20-0.70,0.23800000000000002,0.60-0.90,0.68,29,11.6
277,艾派-尤度,爵士,2.9,1.10-2.30,0.47,0.00-0.00,0.0,0.80-1.00,0.733,29,16.1
277,萨拉赫-梅杰里,小牛,2.9,1.20-1.80,0.653,0.00-0.10,0.0,0.50-1.00,0.48100000000000004,27,11.0
279,凯文-卢尼,勇士,2.8,1.20-2.20,0.5379999999999999,0.00-0.00,0.0,0.50-0.90,0.545,24,10.3
280,塔里克-布莱克,火箭,2.7,1.10-2.10,0.531,0.00-0.30,0.0,0.50-0.90,0.55,23,8.0
281,谢米-奥杰莱,凯尔特人,2.5,0.80-2.50,0.321,0.60-1.90,0.281,0.40-0.60,0.632,33,14.1
281,乔什-休斯蒂斯,雷霆,2.5,0.90-2.50,0.365,0.60-1.70,0.349,0.10-0.30,0.28600000000000003,25,12.1
281,阿隆-阿弗拉罗,魔术,2.5,0.90-2.70,0.33899999999999997,0.30-1.20,0.222,0.40-0.60,0.7140000000000001,23,13.4
284,切迪-奥斯曼,骑士,2.3,0.90-1.80,0.512,0.30-0.80,0.42100000000000004,0.10-0.10,1.0,24,7.8
285,德安德烈-利金斯,雄鹿,2.1,0.80-2.30,0.344,0.40-1.30,0.33299999999999996,0.10-0.20,0.4,26,15.7
286,埃里克-莫兰,活塞,1.3,0.60-1.10,0.516,0.00-0.00,0.0,0.20-0.40,0.4,27,11.0
